Transcript Id,Gene Id,name,miTG score
ENST00000170150,ENSG00000078898 ,BPIFB2,0.999984133
ENST00000440804,ENSG00000129450 ,SIGLEC9,0.999977977
ENST00000426654,ENSG00000102908 ,NFAT5,0.999976387
ENST00000532314,ENSG00000166793 ,YPEL4,0.999974905
ENST00000581347,ENSG00000206432 ,TMEM200C,0.999959189
ENST00000599847,ENSG00000152439 ,ZNF773,0.999944395
ENST00000375664,ENSG00000095787 ,WAC,0.999861983
ENST00000552864,ENSG00000111052 ,LIN7A,0.999764493
ENST00000594385,ENSG00000197013 ,ZNF429,0.999684274
ENST00000321331,ENSG00000181061 ,HIGD1A,0.999670608
ENST00000597389,ENSG00000160460 ,SPTBN4,0.999563901
ENST00000469024,ENSG00000092850 ,TEKT2,0.999505694
ENST00000272313,ENSG00000138041 ,SMEK2,0.99928939
ENST00000381052,ENSG00000049192 ,ADAMTS6,0.999031355
ENST00000323686,ENSG00000179837 ,RBM15B,0.998761134
ENST00000392837,ENSG00000111785 ,RIC8B,0.998566532
ENST00000265026,ENSG00000073803 ,MAP3K13,0.998483158
ENST00000490743,ENSG00000125459 ,MSTO1,0.998481244
ENST00000574911,ENSG00000074356 ,C17orf85,0.998379616
ENST00000410059,ENSG00000175497 ,DPP10,0.998162736
ENST00000554557,ENSG00000072121 ,ZFYVE26,0.997822385
ENST00000453547,ENSG00000269891 ,ARHGAP19-SLIT1,0.997474361
ENST00000235345,ENSG00000116704 ,SLC35D1,0.9973477
ENST00000431807,ENSG00000144395 ,CCDC150,0.997158723
ENST00000522791,ENSG00000132541 ,HRSP12,0.996952868
ENST00000431083,ENSG00000217825 ,AC099552.4,0.996941794
ENST00000425141,ENSG00000114923 ,SLC4A3,0.996874041
ENST00000503669,ENSG00000174611 ,KY,0.995735602
ENST00000530254,ENSG00000196535 ,MYO18A,0.995347504
ENST00000416573,ENSG00000178199 ,ZC3H12D,0.995233395
ENST00000482512,ENSG00000173230 ,GOLGB1,0.994368371
ENST00000263812,ENSG00000115840 ,SLC25A12,0.994049703
ENST00000395699,ENSG00000146676 ,PURB,0.993990912
ENST00000399639,ENSG00000143469 ,SYT14,0.993946566
ENST00000552671,ENSG00000135476 ,ESPL1,0.993766305
ENST00000451672,ENSG00000241043 ,GVQW1,0.993557388
ENST00000528461,ENSG00000120341 ,SEC16B,0.993545466
ENST00000593726,ENSG00000269858 ,EGLN2,0.992971815
ENST00000485775,ENSG00000143093 ,STRIP1,0.992782043
ENST00000367681,ENSG00000116161 ,CACYBP,0.992669991
ENST00000254658,ENSG00000132326 ,PER2,0.992406549
ENST00000542806,ENSG00000107186 ,MPDZ,0.99203684
ENST00000448472,ENSG00000090539 ,CHRD,0.991262428
ENST00000373896,ENSG00000119403 ,PHF19,0.990744265
ENST00000545799,ENSG00000070413 ,DGCR2,0.990535181
ENST00000529694,ENSG00000120457 ,KCNJ5,0.990296531
ENST00000533347,ENSG00000172638 ,EFEMP2,0.989882987
ENST00000555443,ENSG00000165516 ,KLHDC2,0.989235379
ENST00000310454,ENSG00000115159 ,GPD2,0.988848298
ENST00000441049,ENSG00000188010 ,MORN2,0.988621104
ENST00000371993,ENSG00000077279 ,DCX,0.988600899
ENST00000380060,ENSG00000188158 ,NHS,0.988545429
ENST00000329078,ENSG00000183018 ,SPNS2,0.988481907
ENST00000454994,ENSG00000131233 ,GJA9,0.988044584
ENST00000573186,ENSG00000215041 ,NEURL4,0.987824761
ENST00000496634,ENSG00000255508 ,MIR3654,0.987748566
ENST00000378116,ENSG00000148468 ,FAM171A1,0.98750737
ENST00000396573,ENSG00000183454 ,GRIN2A,0.986963242
ENST00000357009,ENSG00000115414 ,FN1,0.986567327
ENST00000261667,ENSG00000102753 ,KPNA3,0.986504579
ENST00000396081,ENSG00000122557 ,HERPUD2,0.986124404
ENST00000535718,ENSG00000111581 ,NUP107,0.985664408
ENST00000307980,ENSG00000172613 ,RAD9A,0.98558592
ENST00000346855,ENSG00000170142 ,UBE2E1,0.985563826
ENST00000381128,ENSG00000129221 ,AIPL1,0.985544754
ENST00000441602,ENSG00000004766 ,CCDC132,0.984670042
ENST00000311172,ENSG00000137478 ,FCHSD2,0.984516038
ENST00000427431,ENSG00000151718 ,WWC2,0.984266838
ENST00000589626,ENSG00000127452 ,FBXL12,0.983861047
ENST00000351578,ENSG00000082074 ,FYB,0.983854572
ENST00000317178,ENSG00000152443 ,ZNF776,0.983416642
ENST00000372084,ENSG00000070759 ,TESK2,0.983341436
ENST00000543025,ENSG00000089094 ,KDM2B,0.982403961
ENST00000290497,ENSG00000168907 ,PLA2G4F,0.98201079
ENST00000521381,ENSG00000145675 ,PIK3R1,0.981969983
ENST00000528248,ENSG00000107593 ,PKD2L1,0.981936405
ENST00000509670,ENSG00000173040 ,EVC2,0.9814744
ENST00000345080,ENSG00000187772 ,LIN28B,0.981469919
ENST00000380934,ENSG00000147862 ,NFIB,0.980508839
ENST00000344404,ENSG00000100106 ,TRIOBP,0.980018544
ENST00000373535,ENSG00000146192 ,FGD2,0.979751554
ENST00000377068,ENSG00000005961 ,ITGA2B,0.9796239
ENST00000570220,ENSG00000166851 ,PLK1,0.979516126
ENST00000439188,ENSG00000073734 ,ABCB11,0.979226191
ENST00000524185,ENSG00000134516 ,DOCK2,0.978091674
ENST00000455236,ENSG00000100101 ,NOL12,0.977706015
ENST00000311151,ENSG00000092964 ,DPYSL2,0.977498344
ENST00000443080,ENSG00000004838 ,ZMYND10,0.976542921
ENST00000254101,ENSG00000131791 ,PRKAB2,0.975867967
ENST00000572991,ENSG00000228696 ,ARL17B,0.975502282
ENST00000439343,ENSG00000259040 ,BLOC1S5-TXNDC5,0.974451727
ENST00000485317,ENSG00000177301 ,KCNA2,0.974314413
ENST00000303115,ENSG00000168685 ,IL7R,0.973393217
ENST00000554327,ENSG00000135424 ,ITGA7,0.972952951
ENST00000335877,ENSG00000125818 ,PSMF1,0.972799551
ENST00000302351,ENSG00000171617 ,ENC1,0.972068408
ENST00000462521,ENSG00000162592 ,CCDC27,0.971813483
ENST00000337907,ENSG00000142599 ,RERE,0.971554105
ENST00000520579,ENSG00000113721 ,PDGFRB,0.971448586
ENST00000523609,ENSG00000123908 ,AGO2,0.971155812
ENST00000371072,ENSG00000162437 ,RAVER2,0.970058243
ENST00000523111,ENSG00000169139 ,UBE2V2,0.969812783
ENST00000517496,ENSG00000129691 ,ASH2L,0.969374695
ENST00000522117,ENSG00000164808 ,SPIDR,0.968774204
ENST00000333039,ENSG00000221890 ,NPTXR,0.968434941
ENST00000375587,ENSG00000188312 ,CENPP,0.967903066
ENST00000004921,ENSG00000006074 ,CCL18,0.967506242
ENST00000545888,ENSG00000166986 ,MARS,0.966777274
ENST00000441787,ENSG00000141956 ,PRDM15,0.965791906
ENST00000532027,ENSG00000179532 ,DNHD1,0.965421878
ENST00000508784,ENSG00000151612 ,ZNF827,0.96522563
ENST00000561573,ENSG00000261147 ,RP11-697E2.6,0.965081333
ENST00000564812,ENSG00000135740 ,SLC9A5,0.963712729
ENST00000503238,ENSG00000075539 ,FRYL,0.963711098
ENST00000276569,ENSG00000104442 ,ARMC1,0.963412317
ENST00000376237,ENSG00000204525 ,HLA-C,0.962880705
ENST00000328046,ENSG00000174010 ,KLHL15,0.962710334
ENST00000392580,ENSG00000109956 ,B3GAT1,0.962574506
ENST00000342232,ENSG00000104369 ,JPH1,0.962081271
ENST00000356291,ENSG00000198092 ,TMPRSS11F,0.961971474
ENST00000593303,ENSG00000268759 ,AC135983.2,0.961685032
ENST00000392547,ENSG00000115935 ,WIPF1,0.96058507
ENST00000368388,ENSG00000111907 ,TPD52L1,0.9595757
ENST00000580805,ENSG00000132589 ,FLOT2,0.959322352
ENST00000372927,ENSG00000102384 ,CENPI,0.958826016
ENST00000602307,ENSG00000076201 ,PTPN23,0.958129396
ENST00000395923,ENSG00000104490 ,NCALD,0.957333372
ENST00000341068,ENSG00000153107 ,ANAPC1,0.95697686
ENST00000374525,ENSG00000241978 ,AKAP2,0.956622425
ENST00000308508,ENSG00000173546 ,CSPG4,0.955749817
ENST00000412585,ENSG00000234745 ,HLA-B,0.955699317
ENST00000227525,ENSG00000110108 ,TMEM109,0.955441309
ENST00000464634,ENSG00000171401 ,KRT13,0.955420051
ENST00000374530,ENSG00000157654 ,PALM2-AKAP2,0.955334008
ENST00000439308,ENSG00000128159 ,TUBGCP6,0.95428428
ENST00000404488,ENSG00000184164 ,CRELD2,0.954018361
ENST00000309042,ENSG00000084093 ,REST,0.953992605
ENST00000322213,ENSG00000072501 ,SMC1A,0.953945529
ENST00000558207,ENSG00000157766 ,ACAN,0.953856097
ENST00000369046,ENSG00000130348 ,QRSL1,0.953032739
ENST00000580670,ENSG00000108465 ,CDK5RAP3,0.952968654
ENST00000397594,ENSG00000174775 ,HRAS,0.952436201
ENST00000474964,ENSG00000073111 ,MCM2,0.952351538
ENST00000506830,ENSG00000112659 ,CUL9,0.952088705
ENST00000566480,ENSG00000140497 ,SCAMP2,0.952036018
ENST00000564415,ENSG00000103051 ,COG4,0.951377174
ENST00000589835,ENSG00000250799 ,PRODH2,0.951120596
ENST00000234739,ENSG00000116128 ,BCL9,0.950340022
ENST00000528412,ENSG00000167646 ,DNAAF3,0.950334092
ENST00000320982,ENSG00000133488 ,SEC14L4,0.949270968
ENST00000587391,ENSG00000075702 ,WDR62,0.949013634
ENST00000334187,ENSG00000124224 ,PPP4R1L,0.948351805
ENST00000399231,ENSG00000197535 ,MYO5A,0.94653598
ENST00000382292,ENSG00000151835 ,SACS,0.94609686
ENST00000566634,ENSG00000140400 ,MAN2C1,0.945921314
ENST00000338272,ENSG00000215717 ,TMEM167B,0.945621937
ENST00000242208,ENSG00000122641 ,INHBA,0.9455543
ENST00000489932,ENSG00000187796 ,CARD9,0.94528425
ENST00000563901,ENSG00000140600 ,SH3GL3,0.945058907
ENST00000239462,ENSG00000120332 ,TNN,0.944946143
ENST00000286800,ENSG00000156273 ,BACH1,0.944624148
ENST00000532402,ENSG00000089597 ,GANAB,0.944173607
ENST00000194672,ENSG00000082269 ,FAM135A,0.942725508
ENST00000571227,ENSG00000262246 ,CORO7,0.942590819
ENST00000263918,ENSG00000115808 ,STRN,0.942104258
ENST00000532881,ENSG00000172830 ,SSH3,0.941989983
ENST00000590558,ENSG00000196365 ,LONP1,0.941777328
ENST00000397479,ENSG00000134115 ,CNTN6,0.941686593
ENST00000395816,ENSG00000124225 ,PMEPA1,0.941675927
ENST00000375120,ENSG00000169914 ,OTUD3,0.941578445
ENST00000581395,ENSG00000179094 ,PER1,0.941557547
ENST00000485685,ENSG00000005955 ,GGNBP2,0.940426467
ENST00000373610,ENSG00000084652 ,TXLNA,0.937678915
ENST00000297153,ENSG00000112139 ,MDGA1,0.937071638
ENST00000518112,ENSG00000134014 ,ELP3,0.93706915
ENST00000306917,ENSG00000169018 ,FEM1B,0.937046574
ENST00000513654,ENSG00000123737 ,EXOSC9,0.937044782
ENST00000376759,ENSG00000102317 ,RBM3,0.936863204
ENST00000443527,ENSG00000121671 ,CRY2,0.936421696
ENST00000483328,ENSG00000162971 ,TYW5,0.936189644
ENST00000526755,ENSG00000168522 ,FNTA,0.93608831
ENST00000383815,ENSG00000163701 ,IL17RE,0.935688214
ENST00000504499,ENSG00000169862 ,CTNND2,0.93503609
ENST00000460547,ENSG00000137207 ,YIPF3,0.933983965
ENST00000512070,ENSG00000038382 ,TRIO,0.933937126
ENST00000536006,ENSG00000110011 ,DNAJC4,0.933467729
ENST00000446228,ENSG00000144290 ,SLC4A10,0.933258776
ENST00000530122,ENSG00000254995 ,STX16-NPEPL1,0.933179874
ENST00000440125,ENSG00000242866 ,STRC,0.933070803
ENST00000338702,ENSG00000189221 ,MAOA,0.932924365
ENST00000373475,ENSG00000116497 ,S100PBP,0.932830549
ENST00000470495,ENSG00000120093 ,HOXB3,0.931999294
ENST00000352385,ENSG00000103742 ,IGDCC4,0.931660066
ENST00000313860,ENSG00000064042 ,LIMCH1,0.930675129
ENST00000429989,ENSG00000108219 ,TSPAN14,0.930598332
ENST00000378888,ENSG00000107404 ,DVL1,0.930136343
ENST00000265104,ENSG00000039139 ,DNAH5,0.929640046
ENST00000518318,ENSG00000106536 ,POU6F2,0.929371516
ENST00000379510,ENSG00000149970 ,CNKSR2,0.929258642
ENST00000483235,ENSG00000118007 ,STAG1,0.929017779
ENST00000303391,ENSG00000169057 ,MECP2,0.928696522
ENST00000378863,ENSG00000088766 ,CRLS1,0.928437749
ENST00000604011,ENSG00000249884 ,RNF103-CHMP3,0.928219573
ENST00000393704,ENSG00000198948 ,MFAP3L,0.928076428
ENST00000309241,ENSG00000155846 ,PPARGC1B,0.927694707
ENST00000353139,ENSG00000132142 ,ACACA,0.92766504
ENST00000541276,ENSG00000267673 ,FDX1L,0.927073345
ENST00000284240,ENSG00000154096 ,THY1,0.926647453
ENST00000578373,ENSG00000141736 ,ERBB2,0.926604561
ENST00000452032,ENSG00000167807 ,CTD-2369P2.10,0.926407749
ENST00000373115,ENSG00000122863 ,CHST3,0.925917207
ENST00000568990,ENSG00000102904 ,TSNAXIP1,0.92384127
ENST00000609748,ENSG00000125378 ,BMP4,0.923641665
ENST00000490904,ENSG00000085511 ,MAP3K4,0.923414702
ENST00000503160,ENSG00000059691 ,PET112,0.923253907
ENST00000558084,ENSG00000055609 ,KMT2C,0.9231843
ENST00000371021,ENSG00000165879 ,FRAT1,0.921328224
ENST00000300289,ENSG00000167004 ,PDIA3,0.921245785
ENST00000558357,ENSG00000128908 ,INO80,0.920885662
ENST00000370905,ENSG00000124743 ,KLHL31,0.920149226
ENST00000373871,ENSG00000158161 ,EYA3,0.919916149
ENST00000373913,ENSG00000080845 ,DLGAP4,0.919434636
ENST00000489835,ENSG00000224940 ,PRRT4,0.91935208
ENST00000395745,ENSG00000132153 ,DHX30,0.919246598
ENST00000440172,ENSG00000122778 ,KIAA1549,0.9189436
ENST00000295087,ENSG00000162980 ,ARL5A,0.918827272
ENST00000261592,ENSG00000101746 ,NOL4,0.918561448
ENST00000483536,ENSG00000139910 ,NOVA1,0.918309145
ENST00000396526,ENSG00000129515 ,SNX6,0.917741681
ENST00000295731,ENSG00000163501 ,IHH,0.917694956
ENST00000301770,ENSG00000167992 ,VWCE,0.91759798
ENST00000216481,ENSG00000100593 ,ISM2,0.917269721
ENST00000439151,ENSG00000165671 ,NSD1,0.916600936
ENST00000558777,ENSG00000137824 ,RMDN3,0.915871313
ENST00000463407,ENSG00000139496 ,NUPL1,0.914651042
ENST00000490598,ENSG00000163386 ,NBPF10,0.913978738
ENST00000366582,ENSG00000119285 ,HEATR1,0.913437211
ENST00000380283,ENSG00000168994 ,PXDC1,0.912269447
ENST00000519745,ENSG00000166743 ,ACSM1,0.911587884
ENST00000341170,ENSG00000136925 ,TSTD2,0.91135726
ENST00000565716,ENSG00000162062 ,C16orf59,0.911312362
ENST00000373091,ENSG00000163873 ,GRIK3,0.910970847
ENST00000446344,ENSG00000205047 ,FLJ00104,0.910962804
ENST00000540664,ENSG00000196233 ,LCOR,0.91085012
ENST00000298298,ENSG00000165511 ,C10orf25,0.910391
ENST00000555815,ENSG00000206190 ,ATP10A,0.910378443
ENST00000540528,ENSG00000072274 ,TFRC,0.910053272
ENST00000374754,ENSG00000108094 ,CUL2,0.909638871
ENST00000312828,ENSG00000176641 ,RNF152,0.908960157
ENST00000317995,ENSG00000178538 ,CA8,0.90862021
ENST00000377001,ENSG00000176783 ,RUFY1,0.908487999
ENST00000561081,ENSG00000137821 ,LRRC49,0.90834289
ENST00000377648,ENSG00000116273 ,PHF13,0.908135032
ENST00000381434,ENSG00000137033 ,IL33,0.907823663
ENST00000495954,ENSG00000151967 ,SCHIP1,0.907714332
ENST00000524486,ENSG00000177595 ,PIDD,0.907208829
ENST00000438902,ENSG00000163017 ,ACTG2,0.907158925
ENST00000289228,ENSG00000115073 ,ACTR1B,0.90580247
ENST00000217246,ENSG00000172264 ,MACROD2,0.905772451
ENST00000540714,ENSG00000183354 ,KIAA2026,0.904412073
ENST00000392795,ENSG00000007312 ,CD79B,0.90426169
ENST00000503329,ENSG00000172901 ,AQPEP,0.903619693
ENST00000263856,ENSG00000115561 ,CHMP3,0.903483393
ENST00000519541,ENSG00000205236 ,RP11-514P8.6,0.903252462
ENST00000284061,ENSG00000153933 ,DGKE,0.903218986
ENST00000597002,ENSG00000268927 ,FLJ00418,0.903184759
ENST00000479371,ENSG00000213213 ,CCDC183,0.902904786
ENST00000266085,ENSG00000100234 ,TIMP3,0.901904563
ENST00000403542,ENSG00000131051 ,RBM39,0.901408485
ENST00000573852,ENSG00000074660 ,SCARF1,0.90136703
ENST00000471770,ENSG00000128609 ,NDUFA5,0.900776547
ENST00000544460,ENSG00000180113 ,TDRD6,0.900055213
ENST00000581227,ENSG00000169683 ,LRRC45,0.900051915
ENST00000455721,ENSG00000163166 ,IWS1,0.899439853
ENST00000439370,ENSG00000130830 ,MPP1,0.899058733
ENST00000435753,ENSG00000013573 ,DDX11,0.898620643
ENST00000538664,ENSG00000154611 ,PSMA8,0.898523007
ENST00000461745,ENSG00000185008 ,ROBO2,0.898348321
ENST00000453321,ENSG00000164953 ,TMEM67,0.897917222
ENST00000507018,ENSG00000120708 ,TGFBI,0.896932754
ENST00000239174,ENSG00000120094 ,HOXB1,0.896749191
ENST00000610121,ENSG00000134207 ,SYT6,0.895449964
ENST00000433921,ENSG00000115568 ,ZNF142,0.894729038
ENST00000400573,ENSG00000099954 ,CECR2,0.89458468
ENST00000395475,ENSG00000165238 ,WNK2,0.894549279
ENST00000220507,ENSG00000104140 ,RHOV,0.894397117
ENST00000543381,ENSG00000151065 ,DCP1B,0.894328656
ENST00000407464,ENSG00000169635 ,HIC2,0.894095612
ENST00000545205,ENSG00000167791 ,CABP2,0.893046606
ENST00000366628,ENSG00000135778 ,NTPCR,0.893041697
ENST00000268043,ENSG00000140451 ,PIF1,0.892854394
ENST00000305997,ENSG00000143797 ,MBOAT2,0.891874227
ENST00000258969,ENSG00000136457 ,CHAD,0.891621054
ENST00000354981,ENSG00000089177 ,KIF16B,0.890814751
ENST00000537584,ENSG00000125447 ,GGA3,0.890687091
ENST00000261655,ENSG00000060709 ,RIMBP2,0.890518788
ENST00000412799,ENSG00000238244 ,GABARAPL3,0.89026802
ENST00000415383,ENSG00000155229 ,MMS19,0.890058098
ENST00000486310,ENSG00000168374 ,ARF4,0.889583091
ENST00000433426,ENSG00000099992 ,TBC1D10A,0.889276651
ENST00000441290,ENSG00000128573 ,FOXP2,0.889097382
ENST00000222753,ENSG00000106031 ,HOXA13,0.888477984
ENST00000368008,ENSG00000158793 ,NIT1,0.888333659
ENST00000528355,ENSG00000162302 ,RPS6KA4,0.888263035
ENST00000577554,ENSG00000108395 ,TRIM37,0.887285396
ENST00000371621,ENSG00000196396 ,PTPN1,0.886477617
ENST00000335727,ENSG00000100354 ,TNRC6B,0.88637757
ENST00000556816,ENSG00000165898 ,ISCA2,0.886136227
ENST00000427980,ENSG00000224470 ,ATXN1L,0.885523161
ENST00000398399,ENSG00000206538 ,VGLL3,0.884584313
ENST00000339475,ENSG00000165588 ,OTX2,0.88447201
ENST00000371933,ENSG00000159658 ,EFCAB14,0.883931182
ENST00000423981,ENSG00000178171 ,AMER3,0.883792967
ENST00000372247,ENSG00000187147 ,RNF220,0.88375562
ENST00000539367,ENSG00000186642 ,PDE2A,0.883688803
ENST00000332129,ENSG00000116852 ,KIF21B,0.883654888
ENST00000334062,ENSG00000185989 ,RASA3,0.883614699
ENST00000315251,ENSG00000016391 ,CHDH,0.883512046
ENST00000337530,ENSG00000165185 ,KIAA1958,0.883439113
ENST00000394232,ENSG00000185518 ,SV2B,0.883316335
ENST00000311659,ENSG00000175520 ,UBQLN3,0.882595875
ENST00000225296,ENSG00000005100 ,DHX33,0.882204101
ENST00000274217,ENSG00000145569 ,FAM105A,0.881885684
ENST00000167588,ENSG00000171431 ,KRT20,0.881445207
ENST00000491718,ENSG00000090905 ,TNRC6A,0.881432974
ENST00000388822,ENSG00000145388 ,METTL14,0.881204694
ENST00000418342,ENSG00000169641 ,LUZP1,0.88116551
ENST00000348624,ENSG00000242802 ,AP5Z1,0.880854113
ENST00000431567,ENSG00000155066 ,PROM2,0.880719244
ENST00000301067,ENSG00000167548 ,KMT2D,0.88049602
ENST00000341657,ENSG00000185722 ,ANKFY1,0.880348338
ENST00000333991,ENSG00000120868 ,APAF1,0.880098552
ENST00000354567,ENSG00000154027 ,AK5,0.879417968
ENST00000551509,ENSG00000187537 ,POTEM,0.878784161
ENST00000303635,ENSG00000171735 ,CAMTA1,0.878684129
ENST00000512294,ENSG00000248801 ,RP11-664D7.4,0.878499061
ENST00000398988,ENSG00000141068 ,KSR1,0.877611842
ENST00000335551,ENSG00000183117 ,CSMD1,0.877278742
ENST00000378204,ENSG00000182197 ,EXT1,0.87714815
ENST00000371882,ENSG00000003096 ,KLHL13,0.876994243
ENST00000242315,ENSG00000122733 ,KIAA1045,0.876861839
ENST00000555187,ENSG00000258869 ,RP11-204N11.1,0.876845241
ENST00000353739,ENSG00000137075 ,RNF38,0.87672517
ENST00000401399,ENSG00000163531 ,NFASC,0.876635335
ENST00000435926,ENSG00000168067 ,MAP4K2,0.876419426
ENST00000433655,ENSG00000117984 ,CTSD,0.87632205
ENST00000323037,ENSG00000180233 ,ZNRF2,0.87632015
ENST00000512140,ENSG00000112983 ,BRD8,0.876206497
ENST00000371753,ENSG00000148411 ,NACC2,0.876063241
ENST00000442788,ENSG00000256646 ,PSMA2,0.876022337
ENST00000242607,ENSG00000122986 ,HVCN1,0.875891999
ENST00000252575,ENSG00000130287 ,NCAN,0.87539209
ENST00000424375,ENSG00000198250 ,ANTXRL,0.875246783
ENST00000587311,ENSG00000108679 ,LGALS3BP,0.875128546
ENST00000300540,ENSG00000105750 ,ZNF85,0.874475633
ENST00000317951,ENSG00000179846 ,NKPD1,0.87390244
ENST00000491829,ENSG00000204681 ,GABBR1,0.873331218
ENST00000513458,ENSG00000153006 ,SREK1IP1,0.873264568
ENST00000601799,ENSG00000105146 ,AURKC,0.873197786
ENST00000303296,ENSG00000110422 ,HIPK3,0.872991224
ENST00000404127,ENSG00000089820 ,ARHGAP4,0.872487396
ENST00000289957,ENSG00000147432 ,CHRNB3,0.872103473
ENST00000278070,ENSG00000148840 ,PPRC1,0.871953801
ENST00000557924,ENSG00000137776 ,SLTM,0.87174397
ENST00000427052,ENSG00000086758 ,HUWE1,0.871135213
ENST00000471106,ENSG00000155367 ,PPM1J,0.870807952
ENST00000367602,ENSG00000116260 ,QSOX1,0.869700797
ENST00000265734,ENSG00000105810 ,CDK6,0.869398451
ENST00000262878,ENSG00000101347 ,SAMHD1,0.869366694
ENST00000369202,ENSG00000203832 ,NBPF20,0.869220669
ENST00000523629,ENSG00000079102 ,RUNX1T1,0.869198039
ENST00000330540,ENSG00000114013 ,CD86,0.868957791
ENST00000433877,ENSG00000111011 ,RSRC2,0.868846433
ENST00000405863,ENSG00000122584 ,NXPH1,0.868202157
ENST00000515393,ENSG00000175471 ,MCTP1,0.868176634
ENST00000579197,ENSG00000225190 ,PLEKHM1,0.8681068
ENST00000606738,ENSG00000269113 ,TRABD2B,0.867760094
ENST00000409832,ENSG00000222036 ,POTEG,0.867413526
ENST00000350051,ENSG00000089685 ,BIRC5,0.86728829
ENST00000512078,ENSG00000035499 ,DEPDC1B,0.86724754
ENST00000361131,ENSG00000198729 ,PPP1R14C,0.867242253
ENST00000567298,ENSG00000104731 ,KLHDC4,0.866911349
ENST00000366796,ENSG00000164488 ,DACT2,0.866459023
ENST00000480045,ENSG00000157193 ,LRP8,0.866254465
ENST00000584582,ENSG00000177302 ,TOP3A,0.865950367
ENST00000430182,ENSG00000172053 ,QARS,0.865820639
ENST00000512091,ENSG00000150471 ,LPHN3,0.865431494
ENST00000584460,ENSG00000169727 ,GPS1,0.865356253
ENST00000591345,ENSG00000198003 ,CCDC151,0.86529712
ENST00000446198,ENSG00000128567 ,PODXL,0.865232715
ENST00000495831,ENSG00000136286 ,MYO1G,0.865226977
ENST00000496518,ENSG00000123552 ,USP45,0.86512989
ENST00000424354,ENSG00000198911 ,SREBF2,0.865126158
ENST00000273064,ENSG00000144580 ,RQCD1,0.865101245
ENST00000432648,ENSG00000174574 ,AKIRIN1,0.864904765
ENST00000282849,ENSG00000140873 ,ADAMTS18,0.864504739
ENST00000415993,ENSG00000100429 ,HDAC10,0.864306538
ENST00000422458,ENSG00000168890 ,TMEM150A,0.863823367
ENST00000374690,ENSG00000169083 ,AR,0.863459681
ENST00000483718,ENSG00000183628 ,DGCR6,0.863389313
ENST00000340635,ENSG00000113448 ,PDE4D,0.863109918
ENST00000592095,ENSG00000167384 ,ZNF180,0.862269964
ENST00000466382,ENSG00000117713 ,ARID1A,0.862174051
ENST00000609686,ENSG00000273079 ,GRIN2B,0.86210081
ENST00000480824,ENSG00000198663 ,C6orf89,0.861598999
ENST00000525701,ENSG00000023191 ,RNH1,0.861002959
ENST00000590636,ENSG00000183401 ,CCDC159,0.860946549
ENST00000587228,ENSG00000186566 ,GPATCH8,0.860707082
ENST00000558588,ENSG00000137841 ,PLCB2,0.860388511
ENST00000369151,ENSG00000151893 ,CACUL1,0.859987638
ENST00000471595,ENSG00000114054 ,PCCB,0.859797031
ENST00000249071,ENSG00000128340 ,RAC2,0.859440723
ENST00000378621,ENSG00000147036 ,LANCL3,0.858220401
ENST00000040584,ENSG00000037965 ,HOXC8,0.858113704
ENST00000584024,ENSG00000178927 ,C17orf62,0.857874358
ENST00000270001,ENSG00000142065 ,ZFP14,0.857842783
ENST00000315913,ENSG00000178028 ,DMAP1,0.857761728
ENST00000380680,ENSG00000122042 ,UBL3,0.8572312
ENST00000369738,ENSG00000173947 ,PIFO,0.857025547
ENST00000545721,ENSG00000137497 ,NUMA1,0.856863221
ENST00000581104,ENSG00000125450 ,NUP85,0.856837391
ENST00000492143,ENSG00000106462 ,EZH2,0.856728515
ENST00000550829,ENSG00000170486 ,KRT72,0.856566641
ENST00000299550,ENSG00000166436 ,TRIM66,0.85647876
ENST00000440501,ENSG00000076351 ,SLC46A1,0.856317013
ENST00000334256,ENSG00000186432 ,KPNA4,0.855809559
ENST00000327582,ENSG00000198754 ,OXCT2,0.855560916
ENST00000261978,ENSG00000119681 ,LTBP2,0.855507047
ENST00000282075,ENSG00000152254 ,G6PC2,0.85507426
ENST00000261716,ENSG00000160551 ,TAOK1,0.854857588
ENST00000455858,ENSG00000174989 ,FBXW8,0.854337922
ENST00000300843,ENSG00000007047 ,MARK4,0.853733495
ENST00000219334,ENSG00000103056 ,SMPD3,0.853465382
ENST00000314100,ENSG00000183826 ,BTBD9,0.853004345
ENST00000380285,ENSG00000028528 ,SNX1,0.852411445
ENST00000422279,ENSG00000109113 ,RAB34,0.852304814
ENST00000592077,ENSG00000168096 ,ANKS3,0.852301889
ENST00000568548,ENSG00000103043 ,VAC14,0.851977612
ENST00000369248,ENSG00000151553 ,FAM160B1,0.851669068
ENST00000370298,ENSG00000143033 ,MTF2,0.851298218
ENST00000407106,ENSG00000103876 ,FAH,0.851062202
ENST00000287844,ENSG00000033050 ,ABCF2,0.850862494
ENST00000496977,ENSG00000103496 ,STX4,0.85077131
ENST00000295624,ENSG00000134369 ,NAV1,0.85053658
ENST00000409535,ENSG00000164080 ,RAD54L2,0.849919946
ENST00000381591,ENSG00000015171 ,ZMYND11,0.849264955
ENST00000522770,ENSG00000133739 ,LRRCC1,0.849155415
ENST00000527236,ENSG00000230567 ,FAM203B,0.849061281
ENST00000475133,ENSG00000116138 ,DNAJC16,0.849001598
ENST00000409892,ENSG00000138069 ,RAB1A,0.848420606
ENST00000327047,ENSG00000163646 ,CLRN1,0.847811078
ENST00000382869,ENSG00000121741 ,ZMYM2,0.847256538
ENST00000369686,ENSG00000134245 ,WNT2B,0.846979335
ENST00000367001,ENSG00000170385 ,SLC30A1,0.846352288
ENST00000357736,ENSG00000197063 ,MAFG,0.846162952
ENST00000271308,ENSG00000143106 ,PSMA5,0.845993563
ENST00000447496,ENSG00000114805 ,PLCH1,0.845861837
ENST00000546954,ENSG00000170855 ,TRIAP1,0.845815265
ENST00000275603,ENSG00000146731 ,CCT6A,0.845763156
ENST00000533266,ENSG00000235173 ,FAM203A,0.845220976
ENST00000580147,ENSG00000133027 ,PEMT,0.845192408
ENST00000576512,ENSG00000182156 ,ENPP7,0.844847598
ENST00000382554,ENSG00000205978 ,NYNRIN,0.84334613
ENST00000388996,ENSG00000184156 ,KCNQ3,0.843086967
ENST00000432921,ENSG00000100852 ,ARHGAP5,0.8430284
ENST00000458537,ENSG00000136603 ,SKIL,0.84238824
ENST00000277905,ENSG00000148704 ,VAX1,0.842364132
ENST00000264903,ENSG00000138767 ,CNOT6L,0.842240696
ENST00000451271,ENSG00000163702 ,IL17RC,0.841846689
ENST00000521724,ENSG00000044115 ,CTNNA1,0.841840161
ENST00000580774,ENSG00000154080 ,CHST9,0.841454357
ENST00000536621,ENSG00000205277 ,MUC12,0.841390804
ENST00000464224,ENSG00000149292 ,TTC12,0.841335262
ENST00000432116,ENSG00000188803 ,SHISA6,0.841013425
ENST00000549185,ENSG00000203546 ,RP11-176H8.1,0.840769564
ENST00000361300,ENSG00000087495 ,PHACTR3,0.840573936
ENST00000375251,ENSG00000130956 ,HABP4,0.840457608
ENST00000455537,ENSG00000155980 ,KIF5A,0.840304061
ENST00000456470,ENSG00000100379 ,KCTD17,0.840297878
ENST00000181839,ENSG00000065883 ,CDK13,0.83993338
ENST00000269466,ENSG00000141642 ,ELAC1,0.839842903
ENST00000570208,ENSG00000169856 ,ONECUT1,0.839834842
ENST00000373625,ENSG00000025800 ,KPNA6,0.839742648
ENST00000539415,ENSG00000139155 ,SLCO1C1,0.839507975
ENST00000297185,ENSG00000113013 ,HSPA9,0.839343293
ENST00000555330,ENSG00000119682 ,AREL1,0.838294083
ENST00000586955,ENSG00000132024 ,CC2D1A,0.838031252
ENST00000342085,ENSG00000140992 ,PDPK1,0.83791446
ENST00000361573,ENSG00000197818 ,SLC9A8,0.837143551
ENST00000311381,ENSG00000130349 ,C6orf203,0.836929701
ENST00000425217,ENSG00000171435 ,KSR2,0.836675213
ENST00000505342,ENSG00000145362 ,ANK2,0.836635661
ENST00000538733,ENSG00000110931 ,CAMKK2,0.836620215
ENST00000467908,ENSG00000160209 ,PDXK,0.836546811
ENST00000540717,ENSG00000134780 ,DAGLA,0.836296444
ENST00000374521,ENSG00000204195 ,AWAT1,0.836088899
ENST00000413150,ENSG00000071054 ,MAP4K4,0.83602026
ENST00000356860,ENSG00000153956 ,CACNA2D1,0.835911169
ENST00000372991,ENSG00000112576 ,CCND3,0.835656885
ENST00000327040,ENSG00000156011 ,PSD3,0.83561235
ENST00000380756,ENSG00000119772 ,DNMT3A,0.834803551
ENST00000354452,ENSG00000196628 ,TCF4,0.834722694
ENST00000468967,ENSG00000162843 ,WDR64,0.834713431
ENST00000356205,ENSG00000143570 ,SLC39A1,0.834565546
ENST00000489805,ENSG00000137203 ,TFAP2A,0.834169791
ENST00000295851,ENSG00000138443 ,ABI2,0.834082204
ENST00000610160,ENSG00000149600 ,COMMD7,0.833363299
ENST00000377950,ENSG00000159871 ,LYPD5,0.832925755
ENST00000298295,ENSG00000165507 ,C10orf10,0.832264695
ENST00000545826,ENSG00000168769 ,TET2,0.832039822
ENST00000537858,ENSG00000255833 ,TIFAB,0.831615152
ENST00000382581,ENSG00000179010 ,MRFAP1,0.831230928
ENST00000370035,ENSG00000162636 ,FAM102B,0.831194679
ENST00000366767,ENSG00000143776 ,CDC42BPA,0.830975202
ENST00000412806,ENSG00000131370 ,SH3BP5,0.830516381
ENST00000288828,ENSG00000157954 ,WIPI2,0.830477632
ENST00000468472,ENSG00000243696 ,RP5-966M1.6,0.830381574
ENST00000216181,ENSG00000100345 ,MYH9,0.83010019
ENST00000281187,ENSG00000151502 ,VPS26B,0.830097249
ENST00000570896,ENSG00000174292 ,TNK1,0.83000153
ENST00000564907,ENSG00000205336 ,GPR56,0.829946025
ENST00000454337,ENSG00000261732 ,LA16c-431H6.6,0.829900933
ENST00000408926,ENSG00000221947 ,XKR9,0.829841498
ENST00000541960,ENSG00000139112 ,GABARAPL1,0.829625605
ENST00000368324,ENSG00000132718 ,SYT11,0.829003146
ENST00000397166,ENSG00000085788 ,DDHD2,0.828865993
ENST00000530069,ENSG00000132746 ,ALDH3B2,0.828617732
ENST00000594335,ENSG00000196218 ,RYR1,0.82861607
ENST00000455584,ENSG00000251537 ,RP11-385D13.1,0.828612795
ENST00000333845,ENSG00000241404 ,EGFL8,0.828572444
ENST00000285896,ENSG00000155508 ,CNOT8,0.828499799
ENST00000256362,ENSG00000133980 ,VRTN,0.828471915
ENST00000392133,ENSG00000079246 ,XRCC5,0.828456862
ENST00000409514,ENSG00000135930 ,EIF4E2,0.82811944
ENST00000375290,ENSG00000185920 ,PTCH1,0.827564349
ENST00000512394,ENSG00000205302 ,SNX2,0.827067631
ENST00000487932,ENSG00000008710 ,PKD1,0.827008959
ENST00000373078,ENSG00000171169 ,NAIF1,0.826751236
ENST00000372126,ENSG00000188373 ,C10orf99,0.826444025
ENST00000467709,ENSG00000147459 ,DOCK5,0.825566397
ENST00000375136,ENSG00000158747 ,NBL1,0.825447238
ENST00000506997,ENSG00000272869 ,CTC-487M23.8,0.825312941
ENST00000572329,ENSG00000175866 ,BAIAP2,0.824565787
ENST00000342745,ENSG00000100647 ,KIAA0247,0.824472628
ENST00000402472,ENSG00000073150 ,PANX2,0.824267555
ENST00000422843,ENSG00000113263 ,ITK,0.824186413
ENST00000534300,ENSG00000110497 ,AMBRA1,0.823670267
ENST00000458420,ENSG00000158258 ,CLSTN2,0.823026246
ENST00000468332,ENSG00000151208 ,DLG5,0.823026214
ENST00000519560,ENSG00000184347 ,SLIT3,0.822871481
ENST00000325103,ENSG00000107521 ,HPS1,0.822780488
ENST00000446716,ENSG00000198925 ,ATG9A,0.822687062
ENST00000293968,ENSG00000162063 ,CCNF,0.822355441
ENST00000552674,ENSG00000139613 ,SMARCC2,0.821686371
ENST00000369209,ENSG00000165868 ,HSPA12A,0.82121493
ENST00000215917,ENSG00000100104 ,SRRD,0.821091271
ENST00000497830,ENSG00000078070 ,MCCC1,0.820875791
ENST00000432054,ENSG00000172765 ,TMCC1,0.82055019
ENST00000482352,ENSG00000242485 ,MRPL20,0.820427095
ENST00000280734,ENSG00000151117 ,TMEM86A,0.82015255
ENST00000433272,ENSG00000139263 ,LRIG3,0.820081316
ENST00000356884,ENSG00000185963 ,BICD2,0.819659094
ENST00000396976,ENSG00000140265 ,ZSCAN29,0.818784133
ENST00000265022,ENSG00000058866 ,DGKG,0.818766219
ENST00000271915,ENSG00000143603 ,KCNN3,0.818645852
ENST00000490113,ENSG00000135002 ,RFK,0.818518801
ENST00000446231,ENSG00000157106 ,SMG1,0.817863355
ENST00000361377,ENSG00000164172 ,MOCS2,0.817812825
ENST00000352511,ENSG00000114739 ,ACVR2B,0.816831596
ENST00000393409,ENSG00000114554 ,PLXNA1,0.816822154
ENST00000555633,ENSG00000173976 ,RAX2,0.816817397
ENST00000220509,ENSG00000104142 ,VPS18,0.816592939
ENST00000448282,ENSG00000226524 ,RP1-102H19.8,0.816094274
ENST00000359142,ENSG00000070961 ,ATP2B1,0.815844086
ENST00000556399,ENSG00000165801 ,ARHGEF40,0.815796446
ENST00000587843,ENSG00000067836 ,ROGDI,0.815522273
ENST00000216129,ENSG00000100304 ,TTLL12,0.815306526
ENST00000298097,ENSG00000165355 ,FBXO33,0.815136882
ENST00000422437,ENSG00000258388 ,PPT2-EGFL8,0.81481042
ENST00000318010,ENSG00000214013 ,GANC,0.814767141
ENST00000596851,ENSG00000142303 ,ADAMTS10,0.814270479
ENST00000540830,ENSG00000166037 ,CEP57,0.814166851
ENST00000394610,ENSG00000125354 ,6-Sep,0.813951176
ENST00000513761,ENSG00000109572 ,CLCN3,0.81313644
ENST00000391854,ENSG00000168243 ,GNG4,0.81304256
ENST00000341469,ENSG00000106785 ,TRIM14,0.812938383
ENST00000567440,ENSG00000137817 ,PARP6,0.812582253
ENST00000452106,ENSG00000100395 ,L3MBTL2,0.812449782
ENST00000328252,ENSG00000182752 ,PAPPA,0.812434386
ENST00000532519,ENSG00000149428 ,HYOU1,0.812299068
ENST00000298912,ENSG00000165959 ,CLMN,0.81228239
ENST00000355585,ENSG00000078269 ,SYNJ2,0.81203713
ENST00000566400,ENSG00000140463 ,BBS4,0.811802114
ENST00000359139,ENSG00000100239 ,PPP6R2,0.811560771
ENST00000395756,ENSG00000072310 ,SREBF1,0.811552914
ENST00000336138,ENSG00000130193 ,THEM6,0.811473024
ENST00000294484,ENSG00000204624 ,PTCHD2,0.810386406
ENST00000505373,ENSG00000137802 ,MAPKBP1,0.810183192
ENST00000370950,ENSG00000116754 ,SRSF11,0.810173714
ENST00000394824,ENSG00000123358 ,NR4A1,0.81003991
ENST00000301765,ENSG00000167987 ,VPS37C,0.80996439
ENST00000430121,ENSG00000144649 ,FAM198A,0.809849076
ENST00000590071,ENSG00000142279 ,WTIP,0.809798182
ENST00000409583,ENSG00000115221 ,ITGB6,0.809570606
ENST00000594136,ENSG00000171570 ,RAB4B-EGLN2,0.809194624
ENST00000393085,ENSG00000105887 ,MTPN,0.808970694
ENST00000289921,ENSG00000158863 ,FAM160B2,0.808945086
ENST00000466590,ENSG00000070748 ,CHAT,0.808834266
ENST00000426613,ENSG00000013619 ,MAMLD1,0.808383435
ENST00000489291,ENSG00000196730 ,DAPK1,0.808378327
ENST00000398261,ENSG00000109685 ,WHSC1,0.808325594
ENST00000464684,ENSG00000182511 ,FES,0.808269572
ENST00000335621,ENSG00000186710 ,CCDC42B,0.807673834
ENST00000355072,ENSG00000197386 ,HTT,0.807629647
ENST00000020945,ENSG00000019549 ,SNAI2,0.807478566
ENST00000358193,ENSG00000162398 ,C1orf177,0.807441043
ENST00000451899,ENSG00000164823 ,OSGIN2,0.807305888
ENST00000254528,ENSG00000132205 ,EMILIN2,0.807101525
ENST00000370996,ENSG00000132825 ,PPP1R3D,0.806851844
ENST00000371719,ENSG00000148680 ,HTR7,0.806736974
ENST00000344642,ENSG00000187942 ,LDLRAD2,0.806256329
ENST00000336349,ENSG00000179119 ,SPTY2D1,0.805557662
ENST00000394069,ENSG00000168748 ,CA7,0.805203173
ENST00000355100,ENSG00000140526 ,ABHD2,0.804701995
ENST00000546420,ENSG00000135127 ,CCDC64,0.80392673
ENST00000007699,ENSG00000006047 ,YBX2,0.803907021
ENST00000343574,ENSG00000185811 ,IKZF1,0.803806863
ENST00000344096,ENSG00000127334 ,DYRK2,0.803726401
ENST00000532585,ENSG00000149541 ,B3GAT3,0.80350921
ENST00000361661,ENSG00000145217 ,SLC26A1,0.803402479
ENST00000487279,ENSG00000010295 ,IFFO1,0.802945712
ENST00000264605,ENSG00000115648 ,MLPH,0.802787712
ENST00000257572,ENSG00000135116 ,HRK,0.802375852
ENST00000320172,ENSG00000112773 ,FAM46A,0.802263482
ENST00000479697,ENSG00000075826 ,SEC31B,0.802240593
ENST00000321826,ENSG00000244165 ,P2RY11,0.80223363
ENST00000356892,ENSG00000122122 ,SASH3,0.801990022
ENST00000603515,ENSG00000152042 ,NBPF11,0.801902522
ENST00000397992,ENSG00000140836 ,ZFHX3,0.801566425
ENST00000430889,ENSG00000273266 ,HOXC4,0.801411414
ENST00000357308,ENSG00000198380 ,GFPT1,0.801248449
ENST00000395407,ENSG00000137819 ,PAQR5,0.801078463
ENST00000340700,ENSG00000100433 ,KCNK10,0.80100143
ENST00000271690,ENSG00000143420 ,ENSA,0.800947797
ENST00000380641,ENSG00000044459 ,CNTLN,0.800824372
ENST00000609810,ENSG00000198353 ,HOXC4,0.800474165
ENST00000372106,ENSG00000101888 ,NXT2,0.800394885
ENST00000529937,ENSG00000142082 ,SIRT3,0.800068447
ENST00000412050,ENSG00000107864 ,CPEB3,0.800017415
ENST00000321442,ENSG00000164466 ,SFXN1,0.799960127
ENST00000597774,ENSG00000196961 ,AP2A1,0.799776375
ENST00000484496,ENSG00000106348 ,IMPDH1,0.799771355
ENST00000433831,ENSG00000099917 ,MED15,0.799654639
ENST00000379284,ENSG00000145990 ,GFOD1,0.799647521
ENST00000472487,ENSG00000162601 ,MYSM1,0.7995004
ENST00000369037,ENSG00000164494 ,PDSS2,0.799314948
ENST00000373648,ENSG00000134668 ,SPOCD1,0.799270093
ENST00000484722,ENSG00000169758 ,C15orf27,0.79885306
ENST00000330168,ENSG00000248751 ,RP1-130H16.18,0.798300119
ENST00000489635,ENSG00000197530 ,MIB2,0.798155064
ENST00000393245,ENSG00000064419 ,TNPO3,0.797855041
ENST00000600909,ENSG00000104783 ,KCNN4,0.797355168
ENST00000359707,ENSG00000138757 ,G3BP2,0.796949838
ENST00000523969,ENSG00000055163 ,CYFIP2,0.796576337
ENST00000242108,ENSG00000122547 ,EEPD1,0.79640586
ENST00000552491,ENSG00000050405 ,LIMA1,0.796355994
ENST00000372044,ENSG00000159588 ,CCDC17,0.796188808
ENST00000360954,ENSG00000125430 ,HS3ST3B1,0.795988442
ENST00000375018,ENSG00000165138 ,ANKS6,0.795655375
ENST00000454762,ENSG00000137221 ,TJAP1,0.795543768
ENST00000560089,ENSG00000185033 ,SEMA4B,0.795534101
ENST00000442170,ENSG00000077942 ,FBLN1,0.79537417
ENST00000504374,ENSG00000037474 ,NSUN2,0.794735854
ENST00000289081,ENSG00000158169 ,FANCC,0.794297222
ENST00000347667,ENSG00000182240 ,BACE2,0.79397931
ENST00000534824,ENSG00000174791 ,RIN1,0.793607192
ENST00000281405,ENSG00000118965 ,WDR35,0.793536169
ENST00000419505,ENSG00000103335 ,PIEZO1,0.793081643
ENST00000330022,ENSG00000181555 ,SETD2,0.793018475
ENST00000404284,ENSG00000100284 ,TOM1,0.793002208
ENST00000344400,ENSG00000105875 ,WDR91,0.792879286
ENST00000396987,ENSG00000158669 ,AGPAT6,0.792743987
ENST00000366958,ENSG00000117707 ,PROX1,0.792620341
ENST00000474839,ENSG00000204351 ,SKIV2L,0.791809117
ENST00000555408,ENSG00000123374 ,CDK2,0.791694188
ENST00000262375,ENSG00000103423 ,DNAJA3,0.791638191
ENST00000353411,ENSG00000113558 ,SKP1,0.791621167
ENST00000517776,ENSG00000036565 ,SLC18A1,0.791477719
ENST00000290438,ENSG00000159289 ,GOLGA6A,0.791295723
ENST00000395710,ENSG00000198301 ,SDAD1,0.791121932
ENST00000382105,ENSG00000100150 ,DEPDC5,0.791111267
ENST00000298573,ENSG00000111266 ,DUSP16,0.790992683
ENST00000310430,ENSG00000173273 ,TNKS,0.790798778
ENST00000504959,ENSG00000109762 ,SNX25,0.790481762
ENST00000259365,ENSG00000136842 ,TMOD1,0.790391832
ENST00000534358,ENSG00000118058 ,KMT2A,0.790237363
ENST00000395738,ENSG00000128165 ,ADM2,0.789923111
ENST00000548602,ENSG00000187778 ,MCRS1,0.789879218
ENST00000317506,ENSG00000141084 ,RANBP10,0.789799826
ENST00000560223,ENSG00000140368 ,PSTPIP1,0.78975397
ENST00000366875,ENSG00000178395 ,C1orf65,0.789600135
ENST00000360264,ENSG00000257923 ,CUX1,0.789184266
ENST00000371330,ENSG00000157211 ,CDCP2,0.789175255
ENST00000389744,ENSG00000126214 ,KLC1,0.788583806
ENST00000292431,ENSG00000160877 ,NACC1,0.788385367
ENST00000540880,ENSG00000167077 ,MEI1,0.788290427
ENST00000368003,ENSG00000143222 ,UFC1,0.788125395
ENST00000425013,ENSG00000011275 ,RNF216,0.788060088
ENST00000287957,ENSG00000157259 ,GATAD1,0.788029611
ENST00000307201,ENSG00000168792 ,ABHD15,0.78784954
ENST00000267425,ENSG00000196943 ,NOP9,0.787311351
ENST00000417098,ENSG00000119042 ,SATB2,0.78683118
ENST00000445270,ENSG00000197953 ,AADACL2,0.786816354
ENST00000561095,ENSG00000140534 ,TICRR,0.786392325
ENST00000309083,ENSG00000159335 ,PTMS,0.786276689
ENST00000440760,ENSG00000115234 ,SNX17,0.786167758
ENST00000314499,ENSG00000178662 ,CSRNP3,0.786164993
ENST00000577891,ENSG00000158201 ,ABHD3,0.785670973
ENST00000371316,ENSG00000162390 ,ACOT11,0.78525316
ENST00000526924,ENSG00000161692 ,DBF4B,0.785026136
ENST00000263980,ENSG00000090020 ,SLC9A1,0.784987523
ENST00000357586,ENSG00000100280 ,AP1B1,0.784483279
ENST00000284320,ENSG00000154174 ,TOMM70A,0.784447731
ENST00000318430,ENSG00000167895 ,TMC8,0.784309455
ENST00000458362,ENSG00000095321 ,CRAT,0.784145204
ENST00000515494,ENSG00000117266 ,CDK18,0.783960677
ENST00000397843,ENSG00000196914 ,ARHGEF12,0.783715946
ENST00000519716,ENSG00000130477 ,UNC13A,0.783068949
ENST00000582471,ENSG00000263809 ,RP11-849F2.7,0.782826913
ENST00000335255,ENSG00000141568 ,FOXK2,0.782500284
ENST00000415541,ENSG00000160584 ,SIK3,0.782211441
ENST00000262187,ENSG00000106615 ,RHEB,0.781578298
ENST00000373245,ENSG00000136877 ,FPGS,0.781475674
ENST00000527892,ENSG00000156709 ,AIFM1,0.781274781
ENST00000274457,ENSG00000145780 ,FEM1C,0.781109269
ENST00000334179,ENSG00000186150 ,UBL4B,0.780780033
ENST00000293379,ENSG00000161638 ,ITGA5,0.780267564
ENST00000324288,ENSG00000179583 ,CIITA,0.780259887
ENST00000397358,ENSG00000147421 ,HMBOX1,0.780199012
ENST00000239940,ENSG00000070087 ,PFN2,0.780197847
ENST00000230658,ENSG00000016082 ,ISL1,0.779645572
ENST00000309446,ENSG00000118263 ,KLF7,0.779600857
ENST00000296137,ENSG00000163820 ,FYCO1,0.779393155
ENST00000294507,ENSG00000162511 ,LAPTM5,0.779389802
ENST00000431532,ENSG00000117174 ,ZNHIT6,0.779225202
ENST00000318560,ENSG00000097007 ,ABL1,0.778919186
ENST00000514469,ENSG00000113716 ,HMGXB3,0.778866612
ENST00000396396,ENSG00000154330 ,PGM5,0.778589339
ENST00000303688,ENSG00000154781 ,CCDC174,0.77833473
ENST00000484417,ENSG00000101452 ,DHX35,0.777984749
ENST00000413659,ENSG00000128815 ,WDFY4,0.777881518
ENST00000266058,ENSG00000187122 ,SLIT1,0.777696263
ENST00000264711,ENSG00000115137 ,DNAJC27,0.777291403
ENST00000321110,ENSG00000179300 ,ZCCHC5,0.777169988
ENST00000323829,ENSG00000169247 ,SH3TC2,0.777108084
ENST00000603963,ENSG00000111786 ,SRSF9,0.777076004
ENST00000317310,ENSG00000161649 ,CD300LG,0.777051047
ENST00000438321,ENSG00000163808 ,KIF15,0.77698368
ENST00000437089,ENSG00000234127 ,TRIM26,0.776966379
ENST00000379426,ENSG00000205269 ,TMEM170B,0.776542923
ENST00000367397,ENSG00000134376 ,CRB1,0.776382001
ENST00000539749,ENSG00000164007 ,CLDN19,0.776365942
ENST00000361350,ENSG00000198711 ,SSBP3-AS1,0.776159415
ENST00000542713,ENSG00000096060 ,FKBP5,0.776094064
ENST00000419433,ENSG00000163482 ,STK36,0.775896192
ENST00000237536,ENSG00000149639 ,SOGA1,0.775687066
ENST00000367588,ENSG00000135835 ,KIAA1614,0.775403595
ENST00000264380,ENSG00000115020 ,PIKFYVE,0.775322025
ENST00000271411,ENSG00000143190 ,POU2F1,0.775101523
ENST00000409049,ENSG00000165309 ,ARMC3,0.774967118
ENST00000340067,ENSG00000188997 ,KCTD21,0.774607507
ENST00000514886,ENSG00000164169 ,PRMT10,0.77458759
ENST00000299927,ENSG00000166716 ,ZNF592,0.774541054
ENST00000361236,ENSG00000152558 ,TMEM123,0.77443061
ENST00000380682,ENSG00000169933 ,FRMPD4,0.773961688
ENST00000587602,ENSG00000180448 ,HMHA1,0.773878725
ENST00000282030,ENSG00000152217 ,SETBP1,0.773769698
ENST00000369393,ENSG00000112159 ,MDN1,0.773707862
ENST00000468647,ENSG00000153303 ,FRMD1,0.773665256
ENST00000291295,ENSG00000160014 ,CALM3,0.773598945
ENST00000260197,ENSG00000137642 ,SORL1,0.773488607
ENST00000567951,ENSG00000090863 ,GLG1,0.773448193
ENST00000368755,ENSG00000196805 ,SPRR2B,0.77315533
ENST00000575474,ENSG00000261915 ,RP11-542C16.2,0.773115454
ENST00000528239,ENSG00000196600 ,SLC22A25,0.772841061
ENST00000346618,ENSG00000112242 ,E2F3,0.772458109
ENST00000555727,ENSG00000129566 ,TEP1,0.772292081
ENST00000345136,ENSG00000178209 ,PLEC,0.772193432
ENST00000525698,ENSG00000019144 ,PHLDB1,0.772132935
ENST00000558658,ENSG00000259288 ,RP11-133K1.2,0.772062714
ENST00000353258,ENSG00000006007 ,GDE1,0.771816672
ENST00000512220,ENSG00000163913 ,IFT122,0.771751173
ENST00000442406,ENSG00000114867 ,EIF4G1,0.771726139
ENST00000585034,ENSG00000108474 ,PIGL,0.771696051
ENST00000357345,ENSG00000159082 ,SYNJ1,0.771594513
ENST00000511532,ENSG00000164124 ,TMEM144,0.771501397
ENST00000591479,ENSG00000179922 ,ZNF784,0.771498856
ENST00000325874,ENSG00000131242 ,RAB11FIP4,0.77132981
ENST00000371953,ENSG00000171862 ,PTEN,0.771204342
ENST00000480174,ENSG00000137941 ,TTLL7,0.771098797
ENST00000411529,ENSG00000170144 ,HNRNPA3,0.771033672
ENST00000324685,ENSG00000103549 ,RNF40,0.77101164
ENST00000480568,ENSG00000203836 ,NBPF24,0.770725364
ENST00000393892,ENSG00000173786 ,CNP,0.770072091
ENST00000504076,ENSG00000006283 ,CACNA1G,0.770053111
ENST00000434679,ENSG00000126895 ,AVPR2,0.769689147
ENST00000372844,ENSG00000116983 ,HPCAL4,0.769659146
ENST00000422875,ENSG00000160218 ,TRAPPC10,0.769527723
ENST00000508798,ENSG00000168785 ,TSPAN5,0.769023839
ENST00000264157,ENSG00000082258 ,CCNT2,0.76883787
ENST00000539918,ENSG00000109906 ,ZBTB16,0.768230739
ENST00000326648,ENSG00000180357 ,ZNF609,0.768157167
ENST00000269383,ENSG00000141569 ,TRIM65,0.768143117
ENST00000367537,ENSG00000116698 ,SMG7,0.767807666
ENST00000501463,ENSG00000152669 ,CCNO,0.767619756
ENST00000265715,ENSG00000091137 ,SLC26A4,0.767583224
ENST00000389722,ENSG00000070182 ,SPTB,0.767458441
ENST00000366956,ENSG00000152104 ,PTPN14,0.767200469
ENST00000379573,ENSG00000125843 ,AP5S1,0.767174489
ENST00000563065,ENSG00000166946 ,CCNDBP1,0.767148482
ENST00000332687,ENSG00000131263 ,RLIM,0.767065659
ENST00000534320,ENSG00000070047 ,PHRF1,0.767052052
ENST00000575500,ENSG00000141527 ,CARD14,0.76684023
ENST00000414004,ENSG00000233404 ,FLJ20373,0.766692162
ENST00000369484,ENSG00000182712 ,CMC4,0.766503635
ENST00000353364,ENSG00000135655 ,USP15,0.766366954
ENST00000379938,ENSG00000124782 ,RREB1,0.766142823
ENST00000538868,ENSG00000226180 ,AC010536.1,0.765826086
ENST00000325404,ENSG00000181449 ,SOX2,0.765779112
ENST00000524880,ENSG00000258529 ,ALG9,0.765323286
ENST00000376131,ENSG00000102466 ,FGF14,0.765065235
ENST00000421484,ENSG00000175193 ,PARL,0.764704131
ENST00000396504,ENSG00000100413 ,POLR3H,0.76456211
ENST00000419037,ENSG00000146826 ,C7orf43,0.7645284
ENST00000534111,ENSG00000137648 ,TMPRSS4,0.763866933
ENST00000338368,ENSG00000253729 ,PRKDC,0.763635439
ENST00000582081,ENSG00000108854 ,SMURF2,0.76356519
ENST00000511306,ENSG00000183206 ,POTEC,0.763537767
ENST00000434724,ENSG00000103342 ,GSPT1,0.763413129
ENST00000373218,ENSG00000148730 ,EIF4EBP2,0.763383417
ENST00000325203,ENSG00000091879 ,ANGPT2,0.763248434
ENST00000402050,ENSG00000106012 ,IQCE,0.763247735
ENST00000602042,ENSG00000268218 ,AC137932.1,0.763213556
ENST00000297788,ENSG00000128596 ,CCDC136,0.763183527
ENST00000257552,ENSG00000135097 ,MSI1,0.763137971
ENST00000258538,ENSG00000136052 ,SLC41A2,0.76285317
ENST00000520013,ENSG00000113643 ,RARS,0.762841499
ENST00000313732,ENSG00000153786 ,ZDHHC7,0.762732798
ENST00000467906,ENSG00000137171 ,KLC4,0.762685785
ENST00000361905,ENSG00000187079 ,TEAD1,0.762510573
ENST00000537526,ENSG00000124422 ,USP22,0.762480805
ENST00000225728,ENSG00000108590 ,MED31,0.761963128
ENST00000541421,ENSG00000256162 ,SMLR1,0.761677162
ENST00000291825,ENSG00000105227 ,PRX,0.761561151
ENST00000441556,ENSG00000077063 ,CTTNBP2,0.760755905
ENST00000607273,ENSG00000146143 ,PRIM2,0.760732089
ENST00000536337,ENSG00000070778 ,PTPN21,0.760527156
ENST00000600147,ENSG00000105640 ,RPL18A,0.760429218
ENST00000373204,ENSG00000092847 ,AGO1,0.76017787
ENST00000380591,ENSG00000145741 ,BTF3,0.760121174
ENST00000391828,ENSG00000162711 ,NLRP3,0.759963653
ENST00000587871,ENSG00000267110 ,CTD-2587H24.4,0.759944882
ENST00000266563,ENSG00000139197 ,PEX5,0.759388143
ENST00000297581,ENSG00000164935 ,DCSTAMP,0.758858033
ENST00000320201,ENSG00000090975 ,PITPNM2,0.758750898
ENST00000425676,ENSG00000221829 ,FANCG,0.758509483
ENST00000271311,ENSG00000143107 ,FNDC7,0.758497423
ENST00000280886,ENSG00000151240 ,DIP2C,0.758428545
ENST00000575334,ENSG00000103426 ,CORO7-PAM16,0.758403607
ENST00000261211,ENSG00000059758 ,CDK17,0.758316482
ENST00000374343,ENSG00000204178 ,TMEM57,0.757922364
ENST00000340258,ENSG00000107551 ,RASSF4,0.757604203
ENST00000380250,ENSG00000073910 ,FRY,0.757336377
ENST00000490814,ENSG00000028310 ,BRD9,0.756891108
ENST00000329421,ENSG00000175130 ,MARCKSL1,0.7567005
ENST00000545128,ENSG00000099139 ,PCSK5,0.756589246
ENST00000539302,ENSG00000133454 ,MYO18B,0.756512983
ENST00000340147,ENSG00000185056 ,C5orf47,0.756363413
ENST00000286091,ENSG00000155660 ,PDIA4,0.755958359
ENST00000559974,ENSG00000100949 ,RABGGTA,0.754753933
ENST00000519179,ENSG00000204344 ,STK19,0.754709879
ENST00000381769,ENSG00000004660 ,CAMKK1,0.754468237
ENST00000443409,ENSG00000128185 ,DGCR6L,0.754465732
ENST00000475243,ENSG00000124164 ,VAPB,0.754338712
ENST00000358823,ENSG00000118200 ,CAMSAP2,0.754269526
ENST00000486284,ENSG00000196277 ,GRM7,0.754254308
ENST00000534187,ENSG00000186523 ,FAM86B1,0.753985096
ENST00000456329,ENSG00000170234 ,PWWP2A,0.753782405
ENST00000421388,ENSG00000235711 ,ANKRD34C,0.753671954
ENST00000311601,ENSG00000174705 ,SH3PXD2B,0.753523232
ENST00000457418,ENSG00000184716 ,SERINC4,0.753490637
ENST00000278618,ENSG00000149313 ,AASDHPPT,0.753422496
ENST00000330736,ENSG00000167522 ,ANKRD11,0.753277382
ENST00000307864,ENSG00000042286 ,AIFM2,0.753247179
ENST00000597928,ENSG00000130307 ,USHBP1,0.753156839
ENST00000320159,ENSG00000180035 ,ZNF48,0.753120645
ENST00000404056,ENSG00000099958 ,DERL3,0.75278502
ENST00000505365,ENSG00000089335 ,ZNF302,0.752710583
ENST00000366654,ENSG00000182118 ,FAM89A,0.752465904
ENST00000370709,ENSG00000181433 ,SAGE1,0.752040335
ENST00000409160,ENSG00000144485 ,HES6,0.751988994
ENST00000579482,ENSG00000161513 ,FDXR,0.751963638
ENST00000344505,ENSG00000088305 ,DNMT3B,0.75191588
ENST00000468200,ENSG00000180116 ,C12orf40,0.751445104
ENST00000550053,ENSG00000136051 ,KIAA1033,0.751193488
ENST00000380588,ENSG00000183067 ,IGSF5,0.751110752
ENST00000392232,ENSG00000197841 ,ZNF181,0.750967528
ENST00000373481,ENSG00000162522 ,KIAA1522,0.750504678
ENST00000434524,ENSG00000114988 ,LMAN2L,0.74940525
ENST00000572794,ENSG00000141556 ,TBCD,0.749346857
ENST00000356020,ENSG00000198685 ,C3orf27,0.749063298
ENST00000421671,ENSG00000161904 ,LEMD2,0.748938045
ENST00000481600,ENSG00000107938 ,EDRF1,0.748887637
ENST00000369146,ENSG00000159164 ,SV2A,0.748558427
ENST00000323327,ENSG00000179133 ,C10orf67,0.748265527
ENST00000392040,ENSG00000135898 ,GPR55,0.747649019
ENST00000464489,ENSG00000065534 ,MYLK,0.747448734
ENST00000507386,ENSG00000176049 ,JAKMIP2,0.747265571
ENST00000273317,ENSG00000144791 ,LIMD1,0.747163284
ENST00000497424,ENSG00000125779 ,PANK2,0.747161122
ENST00000575195,ENSG00000141552 ,ANAPC11,0.747050016
ENST00000296564,ENSG00000164151 ,KIAA0947,0.746921189
ENST00000446942,ENSG00000178026 ,FAM211B,0.746675298
ENST00000490820,ENSG00000137504 ,CREBZF,0.746668106
ENST00000405592,ENSG00000057935 ,MTA3,0.746473202
ENST00000450814,ENSG00000163931 ,TKT,0.746365428
ENST00000343767,ENSG00000187811 ,AP000867.1,0.746363328
ENST00000531813,ENSG00000075239 ,ACAT1,0.746214863
ENST00000327355,ENSG00000185442 ,FAM174B,0.745912353
ENST00000395530,ENSG00000128487 ,SPECC1,0.745676048
ENST00000374257,ENSG00000119314 ,PTBP3,0.745542316
ENST00000592782,ENSG00000136448 ,NMT1,0.745336642
ENST00000416913,ENSG00000162869 ,PPP1R21,0.744906638
ENST00000379145,ENSG00000102230 ,PCYT1B,0.744809099
ENST00000379095,ENSG00000182768 ,NGRN,0.744793706
ENST00000491318,ENSG00000243989 ,ACY1,0.744697641
ENST00000439617,ENSG00000162946 ,DISC1,0.744677597
ENST00000534968,ENSG00000066294 ,CD84,0.744621774
ENST00000517325,ENSG00000147457 ,CHMP7,0.74453134
ENST00000506955,ENSG00000146067 ,FAM193B,0.744519534
ENST00000376681,ENSG00000170703 ,TTLL6,0.744506403
ENST00000370056,ENSG00000134215 ,VAV3,0.744316358
ENST00000430195,ENSG00000174151 ,CYB561D1,0.74410167
ENST00000430655,ENSG00000137274 ,BPHL,0.743759662
ENST00000322507,ENSG00000111799 ,COL12A1,0.743662278
ENST00000381779,ENSG00000179542 ,SLITRK4,0.743649529
ENST00000574453,ENSG00000141503 ,MINK1,0.743644042
ENST00000497019,ENSG00000198400 ,NTRK1,0.743616046
ENST00000204961,ENSG00000090776 ,EFNB1,0.743345392
ENST00000490623,ENSG00000273154 ,RP4-583P15.15,0.742750972
ENST00000240587,ENSG00000121297 ,TSHZ3,0.742724395
ENST00000404826,ENSG00000146555 ,SDK1,0.742712711
ENST00000253686,ENSG00000131368 ,MRPS25,0.742075888
ENST00000311212,ENSG00000120963 ,ZNF706,0.741957198
ENST00000560801,ENSG00000134160 ,TRPM1,0.741494638
ENST00000315392,ENSG00000161381 ,PLXDC1,0.741450225
ENST00000548882,ENSG00000123342 ,MMP19,0.741314816
ENST00000545827,ENSG00000103227 ,LMF1,0.741268661
ENST00000409785,ENSG00000176407 ,KCMF1,0.741191034
ENST00000321265,ENSG00000090273 ,NUDC,0.741141124
ENST00000371335,ENSG00000005893 ,LAMP2,0.740994264
ENST00000597121,ENSG00000126460 ,PRRG2,0.740865695
ENST00000167106,ENSG00000071246 ,VASH1,0.740809084
ENST00000510089,ENSG00000164180 ,TMEM161B,0.74072434
ENST00000336824,ENSG00000075420 ,FNDC3B,0.74057819
ENST00000368594,ENSG00000068383 ,INPP5A,0.740490078
ENST00000529101,ENSG00000118094 ,TREH,0.74034398
ENST00000424522,ENSG00000249115 ,HAUS5,0.739849453
ENST00000467205,ENSG00000164393 ,GPR111,0.739783694
ENST00000368192,ENSG00000117036 ,ETV3,0.739689378
ENST00000563637,ENSG00000140983 ,RHOT2,0.739633623
ENST00000261167,ENSG00000084463 ,WBP11,0.739616656
ENST00000378880,ENSG00000149090 ,PAMR1,0.739521141
ENST00000261530,ENSG00000089916 ,GPATCH2L,0.739517243
ENST00000538315,ENSG00000061794 ,MRPS35,0.739373529
ENST00000446464,ENSG00000115459 ,ELMOD3,0.7392026
ENST00000261464,ENSG00000082512 ,TRAF5,0.739145366
ENST00000416457,ENSG00000182973 ,CNOT10,0.738924486
ENST00000420570,ENSG00000090512 ,FETUB,0.738586344
ENST00000394670,ENSG00000010244 ,ZNF207,0.738479253
ENST00000273857,ENSG00000145244 ,CORIN,0.738470481
ENST00000545621,ENSG00000256269 ,HMBS,0.738434253
ENST00000372045,ENSG00000101938 ,CHRDL1,0.738208981
ENST00000442677,ENSG00000107736 ,CDH23,0.737973852
ENST00000377663,ENSG00000162413 ,KLHL21,0.737970541
ENST00000372226,ENSG00000170734 ,POLH,0.737929679
ENST00000452328,ENSG00000077684 ,JADE1,0.737795621
ENST00000580553,ENSG00000125695 ,RP11-51F16.8,0.737592878
ENST00000391411,ENSG00000212719 ,C17orf51,0.73755428
ENST00000571587,ENSG00000102890 ,ELMO3,0.737552125
ENST00000333139,ENSG00000184224 ,C11orf72,0.7375513
ENST00000414932,ENSG00000062582 ,MRPS24,0.737347438
ENST00000360835,ENSG00000159307 ,SCUBE1,0.737252093
ENST00000506844,ENSG00000047579 ,DTNBP1,0.737216515
ENST00000374338,ENSG00000157978 ,LDLRAP1,0.737194802
ENST00000362003,ENSG00000185619 ,PCGF3,0.736564983
ENST00000538183,ENSG00000112096 ,SOD2,0.736446889
ENST00000414063,ENSG00000122390 ,NAA60,0.736352384
ENST00000333407,ENSG00000133477 ,FAM83F,0.73586866
ENST00000264377,ENSG00000114948 ,ADAM23,0.735660465
ENST00000345506,ENSG00000126561 ,STAT5A,0.735616988
ENST00000221347,ENSG00000090920 ,FCGBP,0.735554244
ENST00000405510,ENSG00000100242 ,SUN2,0.735428742
ENST00000375749,ENSG00000101346 ,POFUT1,0.735006249
ENST00000342579,ENSG00000171634 ,BPTF,0.734951776
ENST00000280330,ENSG00000150756 ,FAM173B,0.734849719
ENST00000514372,ENSG00000124406 ,ATP8A1,0.734593331
ENST00000372785,ENSG00000168703 ,WFDC12,0.73453721
ENST00000381571,ENSG00000169019 ,COMMD8,0.734507834
ENST00000296318,ENSG00000144730 ,IL17RD,0.734426686
ENST00000368841,ENSG00000143376 ,SNX27,0.73434694
ENST00000377413,ENSG00000184659 ,FOXD4L4,0.734138692
ENST00000557056,ENSG00000129467 ,ADCY4,0.733902595
ENST00000379803,ENSG00000127511 ,SIN3B,0.733877529
ENST00000402508,ENSG00000138081 ,FBXO11,0.733764718
ENST00000321870,ENSG00000180828 ,BHLHE22,0.733711214
ENST00000439649,ENSG00000151892 ,GFRA1,0.733668299
ENST00000453705,ENSG00000185515 ,BRCC3,0.733631669
ENST00000573331,ENSG00000262481 ,C17orf61-PLSCR3,0.733514997
ENST00000377420,ENSG00000204779 ,FOXD4L5,0.733445056
ENST00000445215,ENSG00000100227 ,POLDIP3,0.733329224
ENST00000377590,ENSG00000204828 ,FOXD4L2,0.733131727
ENST00000524630,ENSG00000198561 ,CTNND1,0.73282409
ENST00000369707,ENSG00000065621 ,GSTO2,0.732733438
ENST00000394818,ENSG00000149503 ,INCENP,0.732575391
ENST00000396420,ENSG00000085998 ,POMGNT1,0.732168006
ENST00000373935,ENSG00000151151 ,IPMK,0.731752256
ENST00000369878,ENSG00000148842 ,CNNM2,0.731515298
ENST00000603027,ENSG00000272916 ,RP11-574K11.31,0.730887032
ENST00000369697,ENSG00000171385 ,KCND3,0.730633729
ENST00000360359,ENSG00000064999 ,ANKS1A,0.730551835
ENST00000292408,ENSG00000160867 ,FGFR4,0.730525398
ENST00000534062,ENSG00000254656 ,RTL1,0.730441676
ENST00000521452,ENSG00000253304 ,TMEM200B,0.730406754
ENST00000496259,ENSG00000133619 ,KRBA1,0.73038222
ENST00000399518,ENSG00000188089 ,PLA2G4E,0.730253184
ENST00000264344,ENSG00000138640 ,FAM13A,0.730209305
ENST00000267176,ENSG00000139697 ,SBNO1,0.730123007
ENST00000368685,ENSG00000143553 ,SNAPIN,0.729935289
ENST00000258991,ENSG00000136478 ,TEX2,0.729920909
ENST00000582740,ENSG00000121101 ,TEX14,0.729094688
ENST00000452209,ENSG00000013364 ,MVP,0.728911557
ENST00000591767,ENSG00000099817 ,POLR2E,0.728752297
ENST00000542843,ENSG00000187268 ,FAM9C,0.728430327
ENST00000359321,ENSG00000196584 ,XRCC2,0.728312936
ENST00000278935,ENSG00000110274 ,CEP164,0.728190832
ENST00000423828,ENSG00000139644 ,TMBIM6,0.728104872
ENST00000430321,ENSG00000144357 ,UBR3,0.727950134
ENST00000357618,ENSG00000010704 ,HFE,0.727333769
ENST00000224605,ENSG00000107623 ,GDF10,0.727079675
ENST00000435303,ENSG00000173567 ,GPR113,0.726990322
ENST00000281772,ENSG00000144445 ,KANSL1L,0.726946674
ENST00000530546,ENSG00000118369 ,USP35,0.726748834
ENST00000587003,ENSG00000068097 ,HEATR6,0.726726773
ENST00000355999,ENSG00000198648 ,STK39,0.726606766
ENST00000423270,ENSG00000181827 ,RFX7,0.726514872
ENST00000262982,ENSG00000124207 ,CSE1L,0.726473943
ENST00000307503,ENSG00000172482 ,AGXT,0.726158674
ENST00000558797,ENSG00000259471 ,RP11-321F6.1,0.726054529
ENST00000367784,ENSG00000146410 ,MTFR2,0.725786156
ENST00000301180,ENSG00000066084 ,DIP2B,0.725148549
ENST00000522677,ENSG00000185697 ,MYBL1,0.724967754
ENST00000361320,ENSG00000198739 ,LRRTM3,0.724946027
ENST00000379558,ENSG00000189350 ,FAM179A,0.724637548
ENST00000433355,ENSG00000146414 ,SHPRH,0.724635001
ENST00000559291,ENSG00000128891 ,C15orf57,0.724350374
ENST00000562562,ENSG00000134398 ,ERN2,0.724206851
ENST00000380916,ENSG00000175893 ,ZDHHC21,0.724186356
ENST00000489572,ENSG00000148187 ,MRRF,0.724164957
ENST00000306336,ENSG00000168887 ,C2orf68,0.723754392
ENST00000547459,ENSG00000151239 ,TWF1,0.723738636
ENST00000360244,ENSG00000117362 ,APH1A,0.723729106
ENST00000445907,ENSG00000181072 ,CHRM2,0.723682441
ENST00000263805,ENSG00000103994 ,ZNF106,0.723409629
ENST00000467786,ENSG00000127084 ,FGD3,0.723340091
ENST00000421516,ENSG00000172936 ,MYD88,0.723316065
ENST00000470551,ENSG00000101152 ,DNAJC5,0.72314865
ENST00000366913,ENSG00000117791 ,2-Mar,0.723091952
ENST00000265563,ENSG00000114302 ,PRKAR2A,0.722767097
ENST00000465172,ENSG00000069849 ,ATP1B3,0.722728339
ENST00000564991,ENSG00000185164 ,NOMO2,0.722714968
ENST00000377560,ENSG00000173064 ,HECTD4,0.722640549
ENST00000534100,ENSG00000254445 ,HSPB2-C11orf52,0.722599453
ENST00000370992,ENSG00000052749 ,RRP12,0.722255295
ENST00000241312,ENSG00000121904 ,CSMD2,0.722154047
ENST00000360184,ENSG00000197102 ,DYNC1H1,0.722002842
ENST00000396137,ENSG00000152409 ,JMY,0.721629677
ENST00000437538,ENSG00000240505 ,TNFRSF13B,0.721535914
ENST00000219345,ENSG00000103066 ,PLA2G15,0.720849745
ENST00000380956,ENSG00000137265 ,IRF4,0.720728916
ENST00000534885,ENSG00000067182 ,TNFRSF1A,0.72071274
ENST00000267938,ENSG00000140367 ,UBE2Q2,0.720622375
ENST00000344063,ENSG00000108107 ,RPL28,0.720565612
ENST00000342222,ENSG00000104365 ,IKBKB,0.7202859
ENST00000373063,ENSG00000137166 ,FOXP4,0.720167486
ENST00000352689,ENSG00000128585 ,MKLN1,0.720129547
ENST00000436636,ENSG00000154310 ,TNIK,0.720040602
ENST00000587244,ENSG00000166569 ,CPLX4,0.719873009
ENST00000252338,ENSG00000130054 ,FAM155B,0.719805279
ENST00000425402,ENSG00000145832 ,SLC25A48,0.719748441
ENST00000378578,ENSG00000165169 ,DYNLT3,0.719556654
ENST00000527996,ENSG00000116299 ,KIAA1324,0.719509974
ENST00000305877,ENSG00000186716 ,BCR,0.719455832
ENST00000347842,ENSG00000072182 ,ASIC4,0.719300548
ENST00000565622,ENSG00000183632 ,TP53TG3,0.719280254
ENST00000524591,ENSG00000250305 ,KIAA1456,0.71925017
ENST00000389054,ENSG00000131504 ,DIAPH1,0.719248096
ENST00000392038,ENSG00000105221 ,AKT2,0.718997482
ENST00000351365,ENSG00000122490 ,PQLC1,0.718919755
ENST00000538711,ENSG00000173402 ,DAG1,0.718882447
ENST00000408939,ENSG00000196659 ,TTC30B,0.718857237
ENST00000343776,ENSG00000181450 ,ZNF678,0.718845631
ENST00000379261,ENSG00000048740 ,CELF2,0.718481738
ENST00000281282,ENSG00000128849 ,CGNL1,0.718439841
ENST00000589979,ENSG00000108771 ,DHX58,0.71840808
ENST00000466048,ENSG00000166348 ,USP54,0.718329741
ENST00000296468,ENSG00000164073 ,MFSD8,0.718276132
ENST00000600084,ENSG00000090554 ,FLT3LG,0.718112274
ENST00000373331,ENSG00000101445 ,PPP1R16B,0.717815611
ENST00000510026,ENSG00000172262 ,ZNF131,0.717801898
ENST00000511461,ENSG00000124275 ,MTRR,0.717550177
ENST00000427476,ENSG00000105443 ,CYTH2,0.717413055
ENST00000575225,ENSG00000103226 ,NOMO3,0.717387788
ENST00000370658,ENSG00000146166 ,LGSN,0.716815738
ENST00000569719,ENSG00000205457 ,TP53TG3C,0.716728075
ENST00000529084,ENSG00000140798 ,ABCC12,0.716610855
ENST00000296479,ENSG00000164082 ,GRM2,0.716355452
ENST00000174618,ENSG00000070444 ,MNT,0.716256698
ENST00000550683,ENSG00000139567 ,ACVRL1,0.716230632
ENST00000429591,ENSG00000178665 ,ZNF713,0.715874437
ENST00000296873,ENSG00000164402 ,8-Sep,0.715819831
ENST00000339420,ENSG00000163812 ,ZDHHC3,0.715762827
ENST00000376020,ENSG00000158352 ,SHROOM4,0.715749065
ENST00000381962,ENSG00000271303 ,SRXN1,0.715527456
ENST00000479373,ENSG00000203797 ,DDO,0.715420105
ENST00000438926,ENSG00000070915 ,SLC12A3,0.715284946
ENST00000403245,ENSG00000135315 ,KIAA1009,0.71486747
ENST00000539079,ENSG00000089053 ,ANAPC5,0.714754819
ENST00000435041,ENSG00000198833 ,UBE2J1,0.714548656
ENST00000484479,ENSG00000126733 ,DACH2,0.714296527
ENST00000451531,ENSG00000196834 ,POTEI,0.714292026
ENST00000256497,ENSG00000134109 ,EDEM1,0.714096435
ENST00000309447,ENSG00000174145 ,KIAA1239,0.714053043
ENST00000511367,ENSG00000113360 ,DROSHA,0.713902816
ENST00000433855,ENSG00000151079 ,KCNA6,0.71384364
ENST00000238616,ENSG00000119638 ,NEK9,0.713811086
ENST00000370852,ENSG00000146151 ,HMGCLL1,0.713599295
ENST00000376521,ENSG00000102100 ,SLC35A2,0.713513113
ENST00000432593,ENSG00000226894 ,TMPRSS11BNL,0.713504511
ENST00000583984,ENSG00000174083 ,PIK3R6,0.713321875
ENST00000373471,ENSG00000160097 ,FNDC5,0.712833036
ENST00000543926,ENSG00000130856 ,ZNF236,0.712618334
ENST00000360698,ENSG00000157890 ,MEGF11,0.71244219
ENST00000392869,ENSG00000121964 ,GTDC1,0.71227259
ENST00000498286,ENSG00000135297 ,MTO1,0.712147046
ENST00000533031,ENSG00000181135 ,ZNF707,0.711924899
ENST00000537989,ENSG00000112182 ,BACH2,0.711704504
ENST00000392845,ENSG00000169359 ,SLC33A1,0.711679024
ENST00000437205,ENSG00000114770 ,ABCC5,0.711627884
ENST00000366518,ENSG00000162849 ,KIF26B,0.711579982
ENST00000263280,ENSG00000090372 ,STRN4,0.711571859
ENST00000310389,ENSG00000175414 ,ARL10,0.711502958
ENST00000361272,ENSG00000198791 ,CNOT7,0.711031839
ENST00000312655,ENSG00000175155 ,YPEL2,0.710980265
ENST00000587089,ENSG00000105048 ,TNNT1,0.710766008
ENST00000314641,ENSG00000112276 ,BVES,0.710498607
ENST00000394660,ENSG00000172349 ,IL16,0.710399794
ENST00000397147,ENSG00000100365 ,NCF4,0.710346041
ENST00000313408,ENSG00000115286 ,NDUFS7,0.710043183
ENST00000483993,ENSG00000118298 ,CA14,0.710029098
ENST00000316549,ENSG00000181804 ,SLC9A9,0.709992869
ENST00000339733,ENSG00000092068 ,SLC7A8,0.709982887
ENST00000260229,ENSG00000137675 ,MMP27,0.709735747
ENST00000456970,ENSG00000091262 ,ABCC6,0.709727836
ENST00000390645,ENSG00000188042 ,ARL4C,0.709672976
ENST00000576630,ENSG00000166596 ,WDR16,0.709642623
ENST00000330258,ENSG00000184675 ,AMER1,0.709635457
ENST00000221485,ENSG00000104888 ,SLC17A7,0.709450636
ENST00000245543,ENSG00000125449 ,ARMC7,0.709110367
ENST00000407991,ENSG00000120903 ,CHRNA2,0.709070581
ENST00000393356,ENSG00000113300 ,CNOT6,0.709039175
ENST00000376511,ENSG00000204569 ,PPP1R10,0.708981695
ENST00000380148,ENSG00000205456 ,TP53TG3D,0.708769548
ENST00000318522,ENSG00000143924 ,EML4,0.708765132
ENST00000310512,ENSG00000146834 ,MEPCE,0.708668798
ENST00000324198,ENSG00000100077 ,ADRBK2,0.708626324
ENST00000368913,ENSG00000143434 ,SEMA6C,0.708625
ENST00000484566,ENSG00000198563 ,DDX39B,0.70857136
ENST00000406875,ENSG00000064393 ,HIPK2,0.708438229
ENST00000563969,ENSG00000196155 ,PLEKHG4,0.708408748
ENST00000514478,ENSG00000181789 ,COPG1,0.708333599
ENST00000375541,ENSG00000058453 ,CROCC,0.708262214
ENST00000313401,ENSG00000176749 ,CDK5R1,0.708064816
ENST00000356592,ENSG00000113327 ,GABRG2,0.707790743
ENST00000376185,ENSG00000254870 ,ATP6V1G2-DDX39B,0.707654081
ENST00000575246,ENSG00000129219 ,PLD2,0.707477467
ENST00000568546,ENSG00000183751 ,TBL3,0.707252244
ENST00000396671,ENSG00000151090 ,THRB,0.707240723
ENST00000403299,ENSG00000100065 ,CARD10,0.707043474
ENST00000366955,ENSG00000117724 ,CENPF,0.706557577
ENST00000526909,ENSG00000177106 ,EPS8L2,0.70631181
ENST00000484976,ENSG00000122882 ,ECD,0.705964776
ENST00000316403,ENSG00000120885 ,CLU,0.705806607
ENST00000399503,ENSG00000095015 ,MAP3K1,0.705779178
ENST00000255559,ENSG00000133195 ,SLC39A11,0.705772666
ENST00000519479,ENSG00000253953 ,PCDHGB4,0.705732233
ENST00000322350,ENSG00000164318 ,EGFLAM,0.705378133
ENST00000298622,ENSG00000188385 ,JAKMIP3,0.705304394
ENST00000311856,ENSG00000172940 ,SLC22A13,0.705118095
ENST00000461391,ENSG00000169752 ,NRG4,0.705097128
ENST00000187830,ENSG00000073008 ,PVR,0.70470005
ENST00000295417,ENSG00000163251 ,FZD5,0.70468943
ENST00000250113,ENSG00000129245 ,FXR2,0.704535293
ENST00000423656,ENSG00000145041 ,VPRBP,0.704506389
ENST00000244293,ENSG00000183668 ,PSG9,0.70435902
ENST00000272638,ENSG00000144224 ,UBXN4,0.704329276
ENST00000559488,ENSG00000259207 ,ITGB3,0.704325514
ENST00000448044,ENSG00000073849 ,ST6GAL1,0.704301843
ENST00000600128,ENSG00000142449 ,FBN3,0.704266184
ENST00000337335,ENSG00000162913 ,C1orf145,0.704223638
ENST00000215941,ENSG00000100124 ,ANKRD54,0.704207926
ENST00000355661,ENSG00000166689 ,PLEKHA7,0.704039114
ENST00000444452,ENSG00000138073 ,PREB,0.703840369
ENST00000586604,ENSG00000141622 ,RNF165,0.703811274
ENST00000533518,ENSG00000255439 ,RP11-196G11.1,0.703656846
ENST00000515826,ENSG00000144868 ,TMEM108,0.703651305
ENST00000300303,ENSG00000167011 ,NAT16,0.703457363
ENST00000321250,ENSG00000104660 ,LEPROTL1,0.703020776
ENST00000452361,ENSG00000115274 ,INO80B,0.702944999
ENST00000548938,ENSG00000061273 ,HDAC7,0.702731866
ENST00000368804,ENSG00000159450 ,TCHH,0.702728889
ENST00000557439,ENSG00000126215 ,XRCC3,0.702641424
ENST00000522251,ENSG00000147488 ,ST18,0.702572507
ENST00000449313,ENSG00000143373 ,ZNF687,0.702443173
ENST00000405409,ENSG00000100320 ,RBFOX2,0.702439711
ENST00000423275,ENSG00000132155 ,RAF1,0.702278987
ENST00000372336,ENSG00000165424 ,ZCCHC24,0.702268846
ENST00000422508,ENSG00000156535 ,CD109,0.702136037
ENST00000480911,ENSG00000151067 ,CACNA1C,0.702055377
ENST00000538976,ENSG00000146122 ,DAAM2,0.701483343
ENST00000346562,ENSG00000151322 ,NPAS3,0.701383513
ENST00000539981,ENSG00000163539 ,CLASP2,0.701319364
ENST00000545200,ENSG00000111641 ,NOP2,0.701083996
ENST00000544334,ENSG00000141564 ,RPTOR,0.701004381
ENST00000344651,ENSG00000175970 ,UNC119B,0.700977968
ENST00000413446,ENSG00000164877 ,MICALL2,0.700809705
ENST00000264071,ENSG00000104833 ,TUBB4A,0.700736509
ENST00000549851,ENSG00000135407 ,AVIL,0.700462203
ENST00000303538,ENSG00000121892 ,PDS5A,0.700368288
ENST00000394900,ENSG00000149476 ,DAK,0.700156566
ENST00000373191,ENSG00000126070 ,AGO3,0.700084705
ENST00000512379,ENSG00000049283 ,EPN3,0.700037979
